Sr.No.,Name,Grade,Certification Type,Issuing Organization,Issue Date,Issue Month,Credential ID,Credential URL
1,Generative Adversarial Networks (GANs) Specialization,,Specialization,DeepLearning.AI,2022-07-31,22-Jul,QCEZMTDWCRBQ,https://www.coursera.org/account/accomplishments/specialization/certificate/QCEZMTDWCRBQ
2,"Python, Bash and SQL Essentials for Data Engineering Specialization",,Specialization,Duke University,2022-05-29,22-May,CHFY34Y8EUT9,https://www.coursera.org/account/accomplishments/specialization/certificate/CHFY34Y8EUT9
3,Google Finance Data Analyst Professional Certificate Specialization,,Specialization,Google,2022-08-27,22-Aug,G44PXSM4GF9L,https://www.coursera.org/account/accomplishments/specialization/certificate/G44PXSM4GF9L
4,Google Data Analytics Specialization,,Specialization,Google,2022-08-24,22-Aug,VHPUS28YWZFZ,https://www.coursera.org/account/accomplishments/specialization/certificate/VHPUS28YWZFZ
5,IBM AI Engineering Specialization,,Specialization,IBM,2022-06-12,22-Jun,WFND73NZJDGB,https://www.coursera.org/account/accomplishments/specialization/certificate/WFND73NZJDGB
6,IBM Data Science Specialization,,Specialization,IBM,2022-09-03,22-Sep,76CE7DA3F6DF,https://www.coursera.org/account/accomplishments/specialization/certificate/76CE7DA3F6DF
7,Introduction to Data Science Specialization,,Specialization,IBM,2022-09-12,22-Sep,BVYQA4FQPYDW,https://www.coursera.org/account/accomplishments/specialization/certificate/BVYQA4FQPYDW
8,Applied Data Science Specialization,,Specialization,IBM,2022-09-12,22-Sep,9RTRPD45KJR9,https://www.coursera.org/account/accomplishments/specialization/certificate/9RTRPD45KJR9
9,Applied Data Science Specialization,,Specialization,IBM,2022-09-01,22-Sep,4RSQSY7WUSWC,https://www.coursera.org/account/accomplishments/specialization/certificate/4RSQSY7WUSWC
10,IBM Data Science Specialization,,Specialization,IBM,2022-09-12,22-Sep,RTJFV9P3RZEK,https://www.coursera.org/account/accomplishments/specialization/certificate/RTJFV9P3RZEK
11,Django for Everybody Specialization,,Specialization,University of Michigan,2022-10-15,22-Oct,H44H9VYLJZMB,https://www.coursera.org/account/accomplishments/specialization/certificate/H44H9VYLJZMB
